Sigma,Gamma,Beta,Healing_Time,Final_Healing_Percentage
0.005,0.005,0.0,1091700.0,95.16692883698222
0.005,0.005,0.15707963267948966,1265700.0,95.01188737912342
0.005,0.005,0.3141592653589793,1525200.0,95.01237632389974
0.005,0.005,0.47123889803846897,1793400.0,95.00329602264111
0.005,0.005,0.6283185307179586,2377500.0,95.00403237314308
0.005,0.005,0.7853981633974483,2964600.0,95.00380363805144
0.005,0.005,0.9424777960769379,2979900.0,95.00527401549174
0.005,0.005,1.0995574287564276,2736000.0,95.001396497933
0.005,0.005,1.2566370614359172,2794200.0,95.00444640440193
0.005,0.005,1.413716694115407,2834100.0,95.00962774059094
0.005,0.005,1.5707963267948966,2868900.0,95.00283079629429
0.005,0.01,0.0,1087500.0,95.10268088759327
0.005,0.01,0.15707963267948966,1263300.0,95.01700169713641
0.005,0.01,0.3141592653589793,1523100.0,95.00180622285991
0.005,0.01,0.47123889803846897,1791300.0,95.00509837942882
0.005,0.01,0.6283185307179586,2373900.0,95.00465493488275
0.005,0.01,0.7853981633974483,2953500.0,95.00433328440904
0.005,0.01,0.9424777960769379,2975400.0,95.0038908446731
0.005,0.01,1.0995574287564276,2733300.0,95.0052039833053
0.005,0.01,1.2566370614359172,2791200.0,95.00372891486867
0.005,0.01,1.413716694115407,2829000.0,95.01174389530514
0.005,0.01,1.5707963267948966,2858100.0,95.00331899185295
0.005,0.015,0.0,1085700.0,95.12647020442867
0.005,0.015,0.15707963267948966,1262100.0,95.00041255312615
0.005,0.015,0.3141592653589793,1522500.0,95.01406749531976
0.005,0.015,0.47123889803846897,1790400.0,95.00701505238615
0.005,0.015,0.6283185307179586,2372400.0,95.00673940977632
0.005,0.015,0.7853981633974483,2947800.0,95.00190500512738
0.005,0.015,0.9424777960769379,2973300.0,95.00072614830023
0.005,0.015,1.0995574287564276,2731800.0,95.00077358693635
0.005,0.015,1.2566370614359172,2790000.0,95.0067228495201
0.005,0.015,1.413716694115407,2826900.0,95.01159788117167
0.005,0.015,1.5707963267948966,2853300.0,95.00423670917893
0.005,0.02,0.0,1084500.0,95.0614015576334
0.005,0.02,0.15707963267948966,1261800.0,95.02257546818512
0.005,0.02,0.3141592653589793,1521900.0,95.00818580574553
0.005,0.02,0.47123889803846897,1789800.0,95.00597974482253
0.005,0.02,0.6283185307179586,2371200.0,95.0006276705465
0.005,0.02,0.7853981633974483,2944200.0,95.00028622417062
0.005,0.02,0.9424777960769379,2972400.0,95.0050957111252
0.005,0.02,1.0995574287564276,2731200.0,95.00406368902512
0.005,0.02,1.2566370614359172,2789100.0,95.00301447657938
0.005,0.02,1.413716694115407,2825700.0,95.01083897052793
0.005,0.02,1.5707963267948966,2850300.0,95.00162086959972
0.005,0.025,0.0,1083900.0,95.15308076500014
0.005,0.025,0.15707963267948966,1261200.0,95.00349843462747
0.005,0.025,0.3141592653589793,1521600.0,95.00974366121623
0.005,0.025,0.47123889803846897,1789500.0,95.00878006104226
0.005,0.025,0.6283185307179586,2370600.0,95.00132918026611
0.005,0.025,0.7853981633974483,2941800.0,95.00112777703458
0.005,0.025,0.9424777960769379,2971500.0,95.00247984733309
0.005,0.025,1.0995574287564276,2730600.0,95.00232719583833
0.005,0.025,1.2566370614359172,2788500.0,95.00069456406493
0.005,0.025,1.413716694115407,2824800.0,95.00581378124498
0.005,0.025,1.5707963267948966,2848500.0,95.00432049038274
0.005,0.030000000000000002,0.0,1083300.0,95.11921786661895
0.005,0.030000000000000002,0.15707963267948966,1260900.0,95.00060402510452
0.005,0.030000000000000002,0.3141592653589793,1521300.0,95.00656666818314
0.005,0.030000000000000002,0.47123889803846897,1789200.0,95.00818496239579
0.005,0.030000000000000002,0.6283185307179586,2370300.0,95.0050254532627
0.005,0.030000000000000002,0.7853981633974483,2940000.0,95.00180999121375
0.005,0.030000000000000002,0.9424777960769379,2970900.0,95.00162428226541
0.005,0.030000000000000002,1.0995574287564276,2730300.0,95.00389116615725
0.005,0.030000000000000002,1.2566370614359172,2788200.0,95.00287878935725
0.005,0.030000000000000002,1.413716694115407,2824200.0,95.00382853896735
0.005,0.030000000000000002,1.5707963267948966,2847000.0,95.00245558247421
0.005,0.034999999999999996,0.0,1082700.0,95.00681879598048
0.005,0.034999999999999996,0.15707963267948966,1260900.0,95.01727309358178
0.005,0.034999999999999996,0.3141592653589793,1521000.0,95.00043909350192
0.005,0.034999999999999996,0.47123889803846897,1788900.0,95.0054655817284
0.005,0.034999999999999996,0.6283185307179586,2370000.0,95.00627924499366
0.005,0.034999999999999996,0.7853981633974483,2938500.0,95.00106768688478
0.005,0.034999999999999996,0.9424777960769379,2970600.0,95.00399336682047
0.005,0.034999999999999996,1.0995574287564276,2730000.0,95.00368667686618
0.005,0.034999999999999996,1.2566370614359172,2787900.0,95.00257060329108
0.005,0.034999999999999996,1.413716694115407,2823900.0,95.00825229931131
0.005,0.034999999999999996,1.5707963267948966,2846100.0,95.00598212068353
0.005,0.04,0.0,1082400.0,95.02859403728024
0.005,0.04,0.15707963267948966,1260600.0,95.0054399853356
0.005,0.04,0.3141592653589793,1521000.0,95.00818995078632
0.005,0.04,0.47123889803846897,1788600.0,95.00131752977452
0.005,0.04,0.6283185307179586,2369700.0,95.00589262962481
0.005,0.04,0.7853981633974483,2937300.0,95.00069833342447
0.005,0.04,0.9424777960769379,2970300.0,95.00474197106612
0.005,0.04,1.0995574287564276,2729700.0,95.00229209010443
0.005,0.04,1.2566370614359172,2787600.0,95.0005888788128
0.005,0.04,1.413716694115407,2823600.0,95.00919462993028
0.005,0.04,1.5707963267948966,2845200.0,95.0050571897245
0.005,0.045,0.0,1082100.0,95.01225886184294
0.005,0.045,0.15707963267948966,1260600.0,95.01605691936683
0.005,0.045,0.3141592653589793,1521000.0,95.0145334664172
0.005,0.045,0.47123889803846897,1788600.0,95.00600555100989
0.005,0.045,0.6283185307179586,2369400.0,95.00434331849067
0.005,0.045,0.7853981633974483,2936400.0,95.00180698027194
0.005,0.045,0.9424777960769379,2970000.0,95.00434328087414
0.005,0.045,1.0995574287564276,2729400.0,95.00005334085063
0.005,0.045,1.2566370614359172,2787600.0,95.00590382690444
0.005,0.045,1.413716694115407,2823300.0,95.00771101077514
0.005,0.045,1.5707963267948966,2844300.0,95.00098767878468
0.005,0.049999999999999996,0.0,1082100.0,95.15438119979913
0.005,0.049999999999999996,0.15707963267948966,1260600.0,95.02485974396694
0.005,0.049999999999999996,0.3141592653589793,1520700.0,95.00397293529716
0.005,0.049999999999999996,0.47123889803846897,1788300.0,95.0000898928237
0.005,0.049999999999999996,0.6283185307179586,2369100.0,95.00193567256298
0.005,0.049999999999999996,0.7853981633974483,2935500.0,95.00070620646088
0.005,0.049999999999999996,0.9424777960769379,2969700.0,95.00309837005109
0.005,0.049999999999999996,1.0995574287564276,2729400.0,95.00330608056629
0.005,0.049999999999999996,1.2566370614359172,2787300.0,95.0018608727076
0.005,0.049999999999999996,1.413716694115407,2823000.0,95.00446357510477
0.005,0.049999999999999996,1.5707963267948966,2843700.0,95.00058704265314
0.01,0.005,0.0,1091700.0,95.16692883698222
0.01,0.005,0.15707963267948966,1264500.0,95.01124987094683
0.01,0.005,0.3141592653589793,1562100.0,95.00650183798057
0.01,0.005,0.47123889803846897,1876800.0,95.00875633076613
0.01,0.005,0.6283185307179586,2375700.0,95.00286533162448
0.01,0.005,0.7853981633974483,2959500.0,95.0019932629345
0.01,0.005,0.9424777960769379,2954700.0,95.00168419200008
0.01,0.005,1.0995574287564276,2851800.0,95.00231782542681
0.01,0.005,1.2566370614359172,2874300.0,95.00037074446769
0.01,0.005,1.413716694115407,2842800.0,95.00402608505172
0.01,0.005,1.5707963267948966,2868900.0,95.00283079629429
0.01,0.01,0.0,1087500.0,95.10268088759327
0.01,0.01,0.15707963267948966,1260600.0,95.00013826727304
0.01,0.01,0.3141592653589793,1558500.0,95.00807910720457
0.01,0.01,0.47123889803846897,1872600.0,95.00153731358606
0.01,0.01,0.6283185307179586,2369400.0,95.00288977693249
0.01,0.01,0.7853981633974483,2948400.0,95.00306714775385
0.01,0.01,0.9424777960769379,2947200.0,95.00212933105647
0.01,0.01,1.0995574287564276,2846400.0,95.00573605785078
0.01,0.01,1.2566370614359172,2868600.0,95.0056464897722
0.01,0.01,1.413716694115407,2835000.0,95.00101744260908
0.01,0.01,1.5707963267948966,2858100.0,95.00331899185295
0.01,0.015,0.0,1085700.0,95.12647020442867
0.01,0.015,0.15707963267948966,1259100.0,95.0052392172862
0.01,0.015,0.3141592653589793,1557000.0,95.01480580542513
0.01,0.015,0.47123889803846897,1870800.0,95.00156474937566
0.01,0.015,0.6283185307179586,2366700.0,95.00378634007812
0.01,0.015,0.7853981633974483,2942700.0,95.0009841789919
0.01,0.015,0.9424777960769379,2943900.0,95.00215568537718
0.01,0.015,1.0995574287564276,2843700.0,95.00161036148586
0.01,0.015,1.2566370614359172,2865900.0,95.00427872799483
0.01,0.015,1.413716694115407,2832000.0,95.00745465879751
0.01,0.015,1.5707963267948966,2853300.0,95.00423670917893
0.01,0.02,0.0,1084500.0,95.0614015576334
0.01,0.02,0.15707963267948966,1258200.0,95.00640462002667
0.01,0.02,0.3141592653589793,1555800.0,95.00272884949612
0.01,0.02,0.47123889803846897,1869900.0,95.00758798307261
0.01,0.02,0.6283185307179586,2364900.0,95.00138653613517
0.01,0.02,0.7853981633974483,2939400.0,95.00391559716334
0.01,0.02,0.9424777960769379,2941800.0,95.00037725952039
0.01,0.02,1.0995574287564276,2842200.0,95.00147817509634
0.01,0.02,1.2566370614359172,2864400.0,95.00630970185999
0.01,0.02,1.413716694115407,2829900.0,95.00149697250696
0.01,0.02,1.5707963267948966,2850300.0,95.00162086959972
0.01,0.025,0.0,1083900.0,95.15308076500014
0.01,0.025,0.15707963267948966,1257600.0,95.00724671586354
0.01,0.025,0.3141592653589793,1555200.0,95.00570895491721
0.01,0.025,0.47123889803846897,1869000.0,95.00158242695568
0.01,0.025,0.6283185307179586,2364000.0,95.00414005563007
0.01,0.025,0.7853981633974483,2936700.0,95.00054354039669
0.01,0.025,0.9424777960769379,2940600.0,95.00158414458441
0.01,0.025,1.0995574287564276,2841300.0,95.00388566292388
0.01,0.025,1.2566370614359172,2863200.0,95.00271389193344
0.01,0.025,1.413716694115407,2828700.0,95.00252280577546
0.01,0.025,1.5707963267948966,2848500.0,95.00432049038274
0.01,0.030000000000000002,0.0,1083300.0,95.11921786661895
0.01,0.030000000000000002,0.15707963267948966,1257300.0,95.01601261466026
0.01,0.030000000000000002,0.3141592653589793,1554900.0,95.01512799915928
0.01,0.030000000000000002,0.47123889803846897,1868700.0,95.0096822066977
0.01,0.030000000000000002,0.6283185307179586,2363100.0,95.00279030006182
0.01,0.030000000000000002,0.7853981633974483,2934900.0,95.00131047451892
0.01,0.030000000000000002,0.9424777960769379,2939700.0,95.00219655553643
0.01,0.030000000000000002,1.0995574287564276,2840400.0,95.00045411022504
0.01,0.030000000000000002,1.2566370614359172,2862600.0,95.0074850656184
0.01,0.030000000000000002,1.413716694115407,2827800.0,95.00231176854493
0.01,0.030000000000000002,1.5707963267948966,2847000.0,95.00245558247421
0.01,0.034999999999999996,0.0,1082700.0,95.00681879598048
0.01,0.034999999999999996,0.15707963267948966,1256700.0,95.00024376085628
0.01,0.034999999999999996,0.3141592653589793,1554300.0,95.00310463910452
0.01,0.034999999999999996,0.47123889803846897,1868100.0,95.00309162459922
0.01,0.034999999999999996,0.6283185307179586,2362500.0,95.00304725243184
0.01,0.034999999999999996,0.7853981633974483,2933400.0,95.00066907996226
0.01,0.034999999999999996,0.9424777960769379,2938800.0,95.00035163685949
0.01,0.034999999999999996,1.0995574287564276,2840100.0,95.0062390955874
0.01,0.034999999999999996,1.2566370614359172,2862000.0,95.00741032051735
0.01,0.034999999999999996,1.413716694115407,2827200.0,95.00430091954509
0.01,0.034999999999999996,1.5707963267948966,2846100.0,95.00598212068353
0.01,0.04,0.0,1082400.0,95.02859403728024
0.01,0.04,0.15707963267948966,1256700.0,95.01654823473727
0.01,0.04,0.3141592653589793,1554000.0,95.00283017582576
0.01,0.04,0.47123889803846897,1867800.0,95.0040674214392
0.01,0.04,0.6283185307179586,2361900.0,95.00158516051555
0.01,0.04,0.7853981633974483,2932200.0,95.00037662139376
0.01,0.04,0.9424777960769379,2938200.0,95.0002049239746
0.01,0.04,1.0995574287564276,2839500.0,95.003120955211
0.01,0.04,1.2566370614359172,2861400.0,95.00407556628384
0.01,0.04,1.413716694115407,2826600.0,95.00260411647716
0.01,0.04,1.5707963267948966,2845200.0,95.0050571897245
0.01,0.045,0.0,1082100.0,95.01225886184294
0.01,0.045,0.15707963267948966,1256400.0,95.01169135470704
0.01,0.045,0.3141592653589793,1554000.0,95.01541040909713
0.01,0.045,0.47123889803846897,1867500.0,95.00300648848543
0.01,0.045,0.6283185307179586,2361600.0,95.00306361483366
0.01,0.045,0.7853981633974483,2931300.0,95.00151365383658
0.01,0.045,0.9424777960769379,2937900.0,95.00223408314024
0.01,0.045,1.0995574287564276,2839200.0,95.00468567637509
0.01,0.045,1.2566370614359172,2861100.0,95.00645244302677
0.01,0.045,1.413716694115407,2826300.0,95.00604951449081
0.01,0.045,1.5707963267948966,2844300.0,95.00098767878468
0.01,0.049999999999999996,0.0,1082100.0,95.15438119979913
0.01,0.049999999999999996,0.15707963267948966,1256100.0,95.00463544497781
0.01,0.049999999999999996,0.3141592653589793,1553700.0,95.01030695353046
0.01,0.049999999999999996,0.47123889803846897,1867200.0,95.00044072628016
0.01,0.049999999999999996,0.6283185307179586,2361300.0,95.00363916857857
0.01,0.049999999999999996,0.7853981633974483,2930400.0,95.00048965996292
0.01,0.049999999999999996,0.9424777960769379,2937300.0,95.00005190778353
0.01,0.049999999999999996,1.0995574287564276,2838900.0,95.00495573764753
0.01,0.049999999999999996,1.2566370614359172,2860800.0,95.0071184856144
0.01,0.049999999999999996,1.413716694115407,2826000.0,95.00759684764033
0.01,0.049999999999999996,1.5707963267948966,2843700.0,95.00058704265314
0.015,0.005,0.0,1091400.0,95.10738830971597
0.015,0.005,0.15707963267948966,1269000.0,95.01680755278133
0.015,0.005,0.3141592653589793,1555800.0,95.00829090290546
0.015,0.005,0.47123889803846897,1883100.0,95.00582366132089
0.015,0.005,0.6283185307179586,2295600.0,95.00379286468845
0.015,0.005,0.7853981633974483,2899500.0,95.0026814486097
0.015,0.005,0.9424777960769379,2835000.0,95.00264336056492
0.015,0.005,1.0995574287564276,2840100.0,95.00002306444122
0.015,0.005,1.2566370614359172,2845200.0,95.00215263161154
0.015,0.005,1.413716694115407,2833500.0,95.00335371512499
0.015,0.005,1.5707963267948966,2862600.0,95.00469995490035
0.015,0.01,0.0,1087200.0,95.04937356239024
0.015,0.01,0.15707963267948966,1264800.0,95.01767549192897
0.015,0.01,0.3141592653589793,1550700.0,95.00487727776623
0.015,0.01,0.47123889803846897,1877400.0,95.00655713552715
0.015,0.01,0.6283185307179586,2288400.0,95.00251200690852
0.015,0.01,0.7853981633974483,2889900.0,95.00358416286645
0.015,0.01,0.9424777960769379,2826900.0,95.00012618328485
0.015,0.01,1.0995574287564276,2832300.0,95.00558123743909
0.015,0.01,1.2566370614359172,2836800.0,95.00043317037573
0.015,0.01,1.413716694115407,2824800.0,95.00491484688091
0.015,0.01,1.5707963267948966,2851500.0,95.00103319806675
0.015,0.015,0.0,1085400.0,95.07449467983494
0.015,0.015,0.15707963267948966,1262700.0,95.00292335443491
0.015,0.015,0.3141592653589793,1548600.0,95.01206783866327
0.015,0.015,0.47123889803846897,1874700.0,95.00335385249468
0.015,0.015,0.6283185307179586,2285100.0,95.00136268668827
0.015,0.015,0.7853981633974483,2885100.0,95.00414287387912
0.015,0.015,0.9424777960769379,2823300.0,95.001261952394
0.015,0.015,1.0995574287564276,2828400.0,95.00131689267621
0.015,0.015,1.2566370614359172,2833200.0,95.00359885062345
0.015,0.015,1.413716694115407,2820900.0,95.00520713746234
0.015,0.015,1.5707963267948966,2846700.0,95.00268397584158
0.015,0.02,0.0,1084200.0,95.01234646647936
0.015,0.02,0.15707963267948966,1261800.0,95.01972080174892
0.015,0.02,0.3141592653589793,1547100.0,95.00608128669448
0.015,0.02,0.47123889803846897,1873200.0,95.00486728273555
0.015,0.02,0.6283185307179586,2283300.0,95.00363858140132
0.015,0.02,0.7853981633974483,2881800.0,95.00051343245505
0.015,0.02,0.9424777960769379,2821200.0,95.00337975348346
0.015,0.02,1.0995574287564276,2826300.0,95.00296353805442
0.015,0.02,1.2566370614359172,2830800.0,95.0002040911142
0.015,0.02,1.413716694115407,2818500.0,95.00328002491891
0.015,0.02,1.5707963267948966,2843700.0,95.00061962129804
0.015,0.025,0.0,1083600.0,95.10234272401564
0.015,0.025,0.15707963267948966,1260900.0,95.01048026930104
0.015,0.025,0.3141592653589793,1546200.0,95.00694903064206
0.015,0.025,0.47123889803846897,1872000.0,95.000337526723
0.015,0.025,0.6283185307179586,2281800.0,95.00094160098736
0.015,0.025,0.7853981633974483,2879700.0,95.00215691738903
0.015,0.025,0.9424777960769379,2819700.0,95.00392628518766
0.015,0.025,1.0995574287564276,2824800.0,95.00263794488805
0.015,0.025,1.2566370614359172,2829300.0,95.00038131560812
0.015,0.025,1.413716694115407,2817000.0,95.00458625047564
0.015,0.025,1.5707963267948966,2841900.0,95.00351065892924
0.015,0.030000000000000002,0.0,1083000.0,95.06996589086715
0.015,0.030000000000000002,0.15707963267948966,1260300.0,95.00806608187742
0.015,0.030000000000000002,0.3141592653589793,1545600.0,95.01002330685697
0.015,0.030000000000000002,0.47123889803846897,1871400.0,95.00554323767909
0.015,0.030000000000000002,0.6283185307179586,2280900.0,95.00232353771254
0.015,0.030000000000000002,0.7853981633974483,2878200.0,95.00498290788431
0.015,0.030000000000000002,0.9424777960769379,2818500.0,95.00285581226143
0.015,0.030000000000000002,1.0995574287564276,2823600.0,95.00048332563497
0.015,0.030000000000000002,1.2566370614359172,2828400.0,95.00441674445959
0.015,0.030000000000000002,1.413716694115407,2815800.0,95.0030927841691
0.015,0.030000000000000002,1.5707963267948966,2840400.0,95.0019349631205
0.015,0.034999999999999996,0.0,1082700.0,95.14348417274901
0.015,0.034999999999999996,0.15707963267948966,1260000.0,95.01786586868509
0.015,0.034999999999999996,0.3141592653589793,1545000.0,95.00664390590853
0.015,0.034999999999999996,0.47123889803846897,1870800.0,95.005353806121
0.015,0.034999999999999996,0.6283185307179586,2280000.0,95.00021576774625
0.015,0.034999999999999996,0.7853981633974483,2876700.0,95.0019543385114
0.015,0.034999999999999996,0.9424777960769379,2817600.0,95.00265884347647
0.015,0.034999999999999996,1.0995574287564276,2823000.0,95.00482448828895
0.015,0.034999999999999996,1.2566370614359172,2827500.0,95.00326217288298
0.015,0.034999999999999996,1.413716694115407,2814900.0,95.00235385917537
0.015,0.034999999999999996,1.5707963267948966,2839500.0,95.00548608901529
0.015,0.04,0.0,1082400.0,95.1647307599545
0.015,0.04,0.15707963267948966,1259700.0,95.02138425506348
0.015,0.04,0.3141592653589793,1544700.0,95.01136402178496
0.015,0.04,0.47123889803846897,1870200.0,95.0015332229454
0.015,0.04,0.6283185307179586,2279400.0,95.00046964959768
0.015,0.04,0.7853981633974483,2875800.0,95.00495101308475
0.015,0.04,0.9424777960769379,2817000.0,95.00470279404102
0.015,0.04,1.0995574287564276,2822100.0,95.0004736094468
0.015,0.04,1.2566370614359172,2826900.0,95.00467662356841
0.015,0.04,1.413716694115407,2814300.0,95.0043072076953
0.015,0.04,1.5707963267948966,2838600.0,95.00472719227001
0.015,0.045,0.0,1082100.0,95.14883049466772
0.015,0.045,0.15707963267948966,1259400.0,95.02043063383147
0.015,0.045,0.3141592653589793,1544100.0,95.00054719811035
0.015,0.045,0.47123889803846897,1869900.0,95.00427038066394
0.015,0.045,0.6283185307179586,2279100.0,95.00394886578178
0.015,0.045,0.7853981633974483,2874900.0,95.00495865712571
0.015,0.045,0.9424777960769379,2816400.0,95.0046362588493
0.015,0.045,1.0995574287564276,2821800.0,95.00502687491867
0.015,0.045,1.2566370614359172,2826300.0,95.00361639462218
0.015,0.045,1.413716694115407,2813700.0,95.0034350068028
0.015,0.045,1.5707963267948966,2837700.0,95.00092346435518
0.015,0.049999999999999996,0.0,1081800.0,95.10549441707116
0.015,0.049999999999999996,0.15707963267948966,1259100.0,95.01616742355708
0.015,0.049999999999999996,0.3141592653589793,1544100.0,95.01231220544139
0.015,0.049999999999999996,0.47123889803846897,1869600.0,95.00509544989816
0.015,0.049999999999999996,0.6283185307179586,2278500.0,95.00111622277863
0.015,0.049999999999999996,0.7853981633974483,2874000.0,95.00270568401588
0.015,0.049999999999999996,0.9424777960769379,2815800.0,95.00299532845496
0.015,0.049999999999999996,1.0995574287564276,2821200.0,95.00238111160657
0.015,0.049999999999999996,1.2566370614359172,2825700.0,95.00073390480176
0.015,0.049999999999999996,1.413716694115407,2813100.0,95.00048451537579
0.015,0.049999999999999996,1.5707963267948966,2837100.0,95.00062599474236
0.02,0.005,0.0,1089900.0,95.10949594516069
0.02,0.005,0.15707963267948966,1270800.0,95.00742673380498
0.02,0.005,0.3141592653589793,1540500.0,95.0010621139861
0.02,0.005,0.47123889803846897,1872000.0,95.0062994458018
0.02,0.005,0.6283185307179586,2294100.0,95.00480541308421
0.02,0.005,0.7853981633974483,2807100.0,95.00076787464134
0.02,0.005,0.9424777960769379,2823300.0,95.00507338764042
0.02,0.005,1.0995574287564276,2814300.0,95.00164918716195
0.02,0.005,1.2566370614359172,2813700.0,95.00465533162723
0.02,0.005,1.413716694115407,2815200.0,95.00231840276193
0.02,0.005,1.5707963267948966,2823900.0,95.00099310038972
0.02,0.01,0.0,1085700.0,95.09538266590036
0.02,0.01,0.15707963267948966,1265700.0,95.014964315172
0.02,0.01,0.3141592653589793,1534200.0,95.00744170985494
0.02,0.01,0.47123889803846897,1864500.0,95.00820173818292
0.02,0.01,0.6283185307179586,2285400.0,95.00674497100937
0.02,0.01,0.7853981633974483,2794200.0,95.0032385731749
0.02,0.01,0.9424777960769379,2812500.0,95.00014413477061
0.02,0.01,1.0995574287564276,2803500.0,95.00366347553735
0.02,0.01,1.2566370614359172,2802900.0,95.00188981889632
0.02,0.01,1.413716694115407,2804400.0,95.00161665585235
0.02,0.01,1.5707963267948966,2812500.0,95.00298187770534
0.02,0.015,0.0,1083900.0,95.13305002679682
0.02,0.015,0.15707963267948966,1263300.0,95.01442387292123
0.02,0.015,0.3141592653589793,1531200.0,95.00580554490011
0.02,0.015,0.47123889803846897,1860900.0,95.00421544871402
0.02,0.015,0.6283185307179586,2281200.0,95.00315713967319
0.02,0.015,0.7853981633974483,2787300.0,95.00014416935083
0.02,0.015,0.9424777960769379,2807700.0,95.00118381318198
0.02,0.015,1.0995574287564276,2798400.0,95.00176036790306
0.02,0.015,1.2566370614359172,2798100.0,95.00245217990954
0.02,0.015,1.413716694115407,2799600.0,95.0031089376868
0.02,0.015,1.5707963267948966,2807400.0,95.00377460188004
0.02,0.02,0.0,1082700.0,95.08851960329366
0.02,0.02,0.15707963267948966,1261800.0,95.00748953565702
0.02,0.02,0.3141592653589793,1529400.0,95.00477711684118
0.02,0.02,0.47123889803846897,1858800.0,95.00326961099033
0.02,0.02,0.6283185307179586,2278800.0,95.00427849439228
0.02,0.02,0.7853981633974483,2783100.0,95.00102652090965
0.02,0.02,0.9424777960769379,2804700.0,95.00024433366943
0.02,0.02,1.0995574287564276,2795400.0,95.00120917956323
0.02,0.02,1.2566370614359172,2795100.0,95.00038805771868
0.02,0.02,1.413716694115407,2796600.0,95.0013496525678
0.02,0.02,1.5707963267948966,2804400.0,95.00450250906049
0.02,0.025,0.0,1081800.0,95.01388319439374
0.02,0.025,0.15707963267948966,1260900.0,95.0108737464547
0.02,0.025,0.3141592653589793,1528200.0,95.00498527217319
0.02,0.025,0.47123889803846897,1857300.0,95.00061192072991
0.02,0.025,0.6283185307179586,2277000.0,95.00173395331029
0.02,0.025,0.7853981633974483,2780100.0,95.00142459715637
0.02,0.025,0.9424777960769379,2802900.0,95.00434082008641
0.02,0.025,1.0995574287564276,2793600.0,95.00404068945363
0.02,0.025,1.2566370614359172,2793300.0,95.00280070782226
0.02,0.025,1.413716694115407,2794800.0,95.00427982238492
0.02,0.025,1.5707963267948966,2802300.0,95.00375795336909
0.02,0.030000000000000002,0.0,1081500.0,95.14934305200873
0.02,0.030000000000000002,0.15707963267948966,1260300.0,95.01820111096518
0.02,0.030000000000000002,0.3141592653589793,1527300.0,95.00438105392209
0.02,0.030000000000000002,0.47123889803846897,1856400.0,95.0040813652221
0.02,0.030000000000000002,0.6283185307179586,2275800.0,95.00295310338137
0.02,0.030000000000000002,0.7853981633974483,2778000.0,95.00401085678966
0.02,0.030000000000000002,0.9424777960769379,2801400.0,95.00450824082314
0.02,0.030000000000000002,1.0995574287564276,2792100.0,95.00309346256005
0.02,0.030000000000000002,1.2566370614359172,2791800.0,95.0013984188986
0.02,0.030000000000000002,1.413716694115407,2793300.0,95.00295865462876
0.02,0.030000000000000002,1.5707963267948966,2800800.0,95.0036212077452
0.02,0.034999999999999996,0.0,1080900.0,95.05837250792956
0.02,0.034999999999999996,0.15707963267948966,1259700.0,95.01361107129803
0.02,0.034999999999999996,0.3141592653589793,1526700.0,95.00736268396528
0.02,0.034999999999999996,0.47123889803846897,1855500.0,95.00113529147097
0.02,0.034999999999999996,0.6283185307179586,2274900.0,95.00473312226468
0.02,0.034999999999999996,0.7853981633974483,2775900.0,95.00009136275237
0.02,0.034999999999999996,0.9424777960769379,2800200.0,95.00412732637982
0.02,0.034999999999999996,1.0995574287564276,2790900.0,95.0016284094703
0.02,0.034999999999999996,1.2566370614359172,2790900.0,95.00448995047014
0.02,0.034999999999999996,1.413716694115407,2792100.0,95.00101045145574
0.02,0.034999999999999996,1.5707963267948966,2799600.0,95.00269883978962
0.02,0.04,0.0,1080600.0,95.07981378567165
0.02,0.04,0.15707963267948966,1259100.0,95.00095388791071
0.02,0.04,0.3141592653589793,1526100.0,95.00527264232656
0.02,0.04,0.47123889803846897,1854900.0,95.00202212224896
0.02,0.04,0.6283185307179586,2274000.0,95.00228155466853
0.02,0.04,0.7853981633974483,2774700.0,95.0037525049412
0.02,0.04,0.9424777960769379,2799300.0,95.0050539020468
0.02,0.04,1.0995574287564276,2790000.0,95.00136680830317
0.02,0.04,1.2566370614359172,2790000.0,95.00385473682135
0.02,0.04,1.413716694115407,2791200.0,95.00041687914637
0.02,0.04,1.5707963267948966,2798700.0,95.00275901733993
0.02,0.045,0.0,1080300.0,95.06852498220822
0.02,0.045,0.15707963267948966,1258800.0,95.0051788940004
0.02,0.045,0.3141592653589793,1525800.0,95.01064270092043
0.02,0.045,0.47123889803846897,1854600.0,95.00798090950879
0.02,0.045,0.6283185307179586,2273400.0,95.00356111751562
0.02,0.045,0.7853981633974483,2773200.0,95.0000795577257
0.02,0.045,0.9424777960769379,2798400.0,95.00312449526899
0.02,0.045,1.0995574287564276,2789400.0,95.00333563526618
0.02,0.045,1.2566370614359172,2789100.0,95.00058476473794
0.02,0.045,1.413716694115407,2790600.0,95.00236163324168
0.02,0.045,1.5707963267948966,2797800.0,95.00025117544011
0.02,0.049999999999999996,0.0,1080000.0,95.03306094930679
0.02,0.049999999999999996,0.15707963267948966,1258500.0,95.00509862736716
0.02,0.049999999999999996,0.3141592653589793,1525200.0,95.00228384395767
0.02,0.049999999999999996,0.47123889803846897,1854000.0,95.00352162492612
0.02,0.049999999999999996,0.6283185307179586,2272800.0,95.00257272056636
0.02,0.049999999999999996,0.7853981633974483,2772300.0,95.00196715707855
0.02,0.049999999999999996,0.9424777960769379,2797800.0,95.00433975055468
0.02,0.049999999999999996,1.0995574287564276,2788800.0,95.00343726790047
0.02,0.049999999999999996,1.2566370614359172,2788500.0,95.00037357446011
0.02,0.049999999999999996,1.413716694115407,2790000.0,95.0021671221092
0.02,0.049999999999999996,1.5707963267948966,2797200.0,95.00045673723938
0.025,0.005,0.0,1086600.0,95.03515915995689
0.025,0.005,0.15707963267948966,1272300.0,95.01567347368307
0.025,0.005,0.3141592653589793,1535100.0,95.01299980714836
0.025,0.005,0.47123889803846897,1862400.0,95.0010686797694
0.025,0.005,0.6283185307179586,2294100.0,95.00132935109514
0.025,0.005,0.7853981633974483,2796300.0,95.00289410978272
0.025,0.005,0.9424777960769379,2818200.0,95.00118603943179
0.025,0.005,1.0995574287564276,2793900.0,95.00251691033404
0.025,0.005,1.2566370614359172,2776200.0,95.0040741614225
0.025,0.005,1.413716694115407,2783100.0,95.00267202713934
0.025,0.005,1.5707963267948966,2749800.0,95.00064604114124
0.025,0.01,0.0,1082100.0,95.00037287737764
0.025,0.01,0.15707963267948966,1266000.0,95.00309131567475
0.025,0.01,0.3141592653589793,1527600.0,95.00259836450896
0.025,0.01,0.47123889803846897,1853100.0,95.0008211930663
0.025,0.01,0.6283185307179586,2283300.0,95.0006059336575
0.025,0.01,0.7853981633974483,2780700.0,95.00099205785801
0.025,0.01,0.9424777960769379,2805600.0,95.00480331400183
0.025,0.01,1.0995574287564276,2781300.0,95.00342250218054
0.025,0.01,1.2566370614359172,2763300.0,95.00312644132012
0.025,0.01,1.413716694115407,2769900.0,95.00287444206606
0.025,0.01,1.5707963267948966,2736600.0,95.0009890096221
0.025,0.015,0.0,1080300.0,95.08338670951507
0.025,0.015,0.15707963267948966,1263300.0,95.00985909884216
0.025,0.015,0.3141592653589793,1524300.0,95.00501170819844
0.025,0.015,0.47123889803846897,1848900.0,95.00210479532528
0.025,0.015,0.6283185307179586,2278500.0,95.00477412743938
0.025,0.015,0.7853981633974483,2772600.0,95.00194393280553
0.025,0.015,0.9424777960769379,2799600.0,95.00419283156398
0.025,0.015,1.0995574287564276,2775300.0,95.00096472870271
0.025,0.015,1.2566370614359172,2757300.0,95.00178001516966
0.025,0.015,1.413716694115407,2763900.0,95.0013397425903
0.025,0.015,1.5707963267948966,2730600.0,95.00008912594163
0.025,0.02,0.0,1079100.0,95.0763846534583
0.025,0.02,0.15707963267948966,1261500.0,95.00354935215621
0.025,0.02,0.3141592653589793,1522200.0,95.00178289203414
0.025,0.02,0.47123889803846897,1846500.0,95.00556552681273
0.025,0.02,0.6283185307179586,2275500.0,95.00543863931455
0.025,0.02,0.7853981633974483,2767200.0,95.00010865937345
0.025,0.02,0.9424777960769379,2796000.0,95.00473468442308
0.025,0.02,1.0995574287564276,2772000.0,95.00446286185662
0.025,0.02,1.2566370614359172,2753700.0,95.00079057443746
0.025,0.02,1.413716694115407,2760600.0,95.00410589112587
0.025,0.02,1.5707963267948966,2727300.0,95.00222835811924
0.025,0.025,0.0,1078200.0,95.03420583776234
0.025,0.025,0.15707963267948966,1260300.0,95.00129118981363
0.025,0.025,0.3141592653589793,1521000.0,95.00951064083496
0.025,0.025,0.47123889803846897,1844700.0,95.00383162640782
0.025,0.025,0.6283185307179586,2273400.0,95.00523818366102
0.025,0.025,0.7853981633974483,2763600.0,95.00283017345161
0.025,0.025,0.9424777960769379,2793300.0,95.00151044129474
0.025,0.025,1.0995574287564276,2769600.0,95.00421132717477
0.025,0.025,1.2566370614359172,2751300.0,95.00066317126287
0.025,0.025,1.413716694115407,2758200.0,95.00334174413851
0.025,0.025,1.5707963267948966,2724900.0,95.00172053059755
0.025,0.030000000000000002,0.0,1077600.0,95.02975811727038
0.025,0.030000000000000002,0.15707963267948966,1259700.0,95.01707365283823
0.025,0.030000000000000002,0.3141592653589793,1519800.0,95.00172306682867
0.025,0.030000000000000002,0.47123889803846897,1843500.0,95.00540708454119
0.025,0.030000000000000002,0.6283185307179586,2271900.0,95.00643297202008
0.025,0.030000000000000002,0.7853981633974483,2760600.0,95.00076179727662
0.025,0.030000000000000002,0.9424777960769379,2791500.0,95.00265076142186
0.025,0.030000000000000002,1.0995574287564276,2767800.0,95.0033237127284
0.025,0.030000000000000002,1.2566370614359172,2749800.0,95.0042225379099
0.025,0.030000000000000002,1.413716694115407,2756400.0,95.00198295742872
0.025,0.030000000000000002,1.5707963267948966,2723100.0,95.00073571560596
0.025,0.034999999999999996,0.0,1077300.0,95.09773701736788
0.025,0.034999999999999996,0.15707963267948966,1258800.0,95.00259891997234
0.025,0.034999999999999996,0.3141592653589793,1519200.0,95.0095170049225
0.025,0.034999999999999996,0.47123889803846897,1842300.0,95.00004782601515
0.025,0.034999999999999996,0.6283185307179586,2270400.0,95.00019029058548
0.025,0.034999999999999996,0.7853981633974483,2758500.0,95.00334062628393
0.025,0.034999999999999996,0.9424777960769379,2790000.0,95.00195970214754
0.025,0.034999999999999996,1.0995574287564276,2766300.0,95.00076096959424
0.025,0.034999999999999996,1.2566370614359172,2748300.0,95.00182859375772
0.025,0.034999999999999996,1.413716694115407,2755200.0,95.00370980298175
0.025,0.034999999999999996,1.5707963267948966,2721900.0,95.00186513952319
0.025,0.04,0.0,1077000.0,95.12471427320577
0.025,0.04,0.15707963267948966,1258500.0,95.0167599836622
0.025,0.04,0.3141592653589793,1518600.0,95.01067059803312
0.025,0.04,0.47123889803846897,1841700.0,95.00433669779672
0.025,0.04,0.6283185307179586,2269500.0,95.00198048531291
0.025,0.04,0.7853981633974483,2756700.0,95.00407046592588
0.025,0.04,0.9424777960769379,2788800.0,95.00162374535707
0.025,0.04,1.0995574287564276,2765400.0,95.0036220160575
0.025,0.04,1.2566370614359172,2747400.0,95.00418622551638
0.025,0.04,1.413716694115407,2754000.0,95.00123929908118
0.025,0.04,1.5707963267948966,2720700.0,95.00008374158743
0.025,0.045,0.0,1076700.0,95.12255195189336
0.025,0.045,0.15707963267948966,1257900.0,95.00683045734836
0.025,0.045,0.3141592653589793,1518000.0,95.00710222521064
0.025,0.045,0.47123889803846897,1841100.0,95.00529783754126
0.025,0.045,0.6283185307179586,2268600.0,95.00012876383674
0.025,0.045,0.7853981633974483,2754900.0,95.0000767093213
0.025,0.045,0.9424777960769379,2787900.0,95.0029579494172
0.025,0.045,1.0995574287564276,2764500.0,95.0033017369042
0.025,0.045,1.2566370614359172,2746500.0,95.00370259739482
0.025,0.045,1.413716694115407,2753100.0,95.0004459725652
0.025,0.045,1.5707963267948966,2720100.0,95.00267865635975
0.025,0.049999999999999996,0.0,1076400.0,95.09886704964312
0.025,0.049999999999999996,0.15707963267948966,1257600.0,95.01092926094333
0.025,0.049999999999999996,0.3141592653589793,1517400.0,95.0000454681291
0.025,0.049999999999999996,0.47123889803846897,1840500.0,95.0038019887969
0.025,0.049999999999999996,0.6283185307179586,2268000.0,95.00209109639735
0.025,0.049999999999999996,0.7853981633974483,2753700.0,95.00173066312921
0.025,0.049999999999999996,0.9424777960769379,2787000.0,95.00176582803854
0.025,0.049999999999999996,1.0995574287564276,2763600.0,95.00063512152225
0.025,0.049999999999999996,1.2566370614359172,2745600.0,95.00112875610597
0.025,0.049999999999999996,1.413716694115407,2752500.0,95.00210258433015
0.025,0.049999999999999996,1.5707963267948966,2719200.0,95.0005427296917
0.030000000000000002,0.005,0.0,1082700.0,95.0007999194857
0.030000000000000002,0.005,0.15707963267948966,1270800.0,95.01526439414197
0.030000000000000002,0.005,0.3141592653589793,1532100.0,95.01063973429108
0.030000000000000002,0.005,0.47123889803846897,1856100.0,95.00049789826396
0.030000000000000002,0.005,0.6283185307179586,2289300.0,95.00215999416947
0.030000000000000002,0.005,0.7853981633974483,2787600.0,95.00403042709034
0.030000000000000002,0.005,0.9424777960769379,2805300.0,95.00335438663512
0.030000000000000002,0.005,1.0995574287564276,2773200.0,95.00427265909434
0.030000000000000002,0.005,1.2566370614359172,2751000.0,95.00091455299408
0.030000000000000002,0.005,1.413716694115407,2750400.0,95.00308293742424
0.030000000000000002,0.005,1.5707963267948966,2683500.0,95.001300486988
0.030000000000000002,0.01,0.0,1077900.0,95.03776996493623
0.030000000000000002,0.01,0.15707963267948966,1263600.0,95.01065939394533
0.030000000000000002,0.01,0.3141592653589793,1523400.0,95.00178495146992
0.030000000000000002,0.01,0.47123889803846897,1846200.0,95.00770410352443
0.030000000000000002,0.01,0.6283185307179586,2276700.0,95.00150010089075
0.030000000000000002,0.01,0.7853981633974483,2769600.0,95.00007305254455
0.030000000000000002,0.01,0.9424777960769379,2790300.0,95.00190486294204
0.030000000000000002,0.01,1.0995574287564276,2757600.0,95.00029007252088
0.030000000000000002,0.01,1.2566370614359172,2736000.0,95.00060627263373
0.030000000000000002,0.01,1.413716694115407,2735100.0,95.00207811876447
0.030000000000000002,0.01,1.5707963267948966,2670900.0,95.00325654085714
0.030000000000000002,0.015,0.0,1075800.0,95.0748940280033
0.030000000000000002,0.015,0.15707963267948966,1260300.0,95.00998569595157
0.030000000000000002,0.015,0.3141592653589793,1519500.0,95.00424711935366
0.030000000000000002,0.015,0.47123889803846897,1841400.0,95.00420358843627
0.030000000000000002,0.015,0.6283185307179586,2271000.0,95.00395171602514
0.030000000000000002,0.015,0.7853981633974483,2760300.0,95.00173579265156
0.030000000000000002,0.015,0.9424777960769379,2783400.0,95.00287013956138
0.030000000000000002,0.015,1.0995574287564276,2750700.0,95.00288137999098
0.030000000000000002,0.015,1.2566370614359172,2729100.0,95.00110125758235
0.030000000000000002,0.015,1.413716694115407,2728200.0,95.00279318585044
0.030000000000000002,0.015,1.5707963267948966,2664900.0,95.0031607214748
0.030000000000000002,0.02,0.0,1074300.0,95.00416872252019
0.030000000000000002,0.02,0.15707963267948966,1258200.0,95.00381742375906
0.030000000000000002,0.02,0.3141592653589793,1517100.0,95.00393979821573
0.030000000000000002,0.02,0.47123889803846897,1838700.0,95.0077343528321
0.030000000000000002,0.02,0.6283185307179586,2267400.0,95.002966631672
0.030000000000000002,0.02,0.7853981633974483,2754300.0,95.00343941372351
0.030000000000000002,0.02,0.9424777960769379,2779200.0,95.00366079176764
0.030000000000000002,0.02,1.0995574287564276,2746500.0,95.00349794694363
0.030000000000000002,0.02,1.2566370614359172,2724900.0,95.00049221812337
0.030000000000000002,0.02,1.413716694115407,2724000.0,95.00213710865368
0.030000000000000002,0.02,1.5707963267948966,2661300.0,95.0036804025336
0.030000000000000002,0.025,0.0,1073400.0,95.00166188434169
0.030000000000000002,0.025,0.15707963267948966,1257000.0,95.01283881936688
0.030000000000000002,0.025,0.3141592653589793,1515600.0,95.00965102947458
0.030000000000000002,0.025,0.47123889803846897,1836600.0,95.00247317795649
0.030000000000000002,0.025,0.6283185307179586,2265000.0,95.00391349722537
0.030000000000000002,0.025,0.7853981633974483,2749800.0,95.0017201395917
0.030000000000000002,0.025,0.9424777960769379,2776200.0,95.0028959763892
0.030000000000000002,0.025,1.0995574287564276,2743500.0,95.00184407467998
0.030000000000000002,0.025,1.2566370614359172,2722200.0,95.0020734255821
0.030000000000000002,0.025,1.413716694115407,2721300.0,95.00335201197824
0.030000000000000002,0.025,1.5707963267948966,2658600.0,95.0002585450128
0.030000000000000002,0.030000000000000002,0.0,1072800.0,95.02200905596878
0.030000000000000002,0.030000000000000002,0.15707963267948966,1255800.0,95.00206185215802
0.030000000000000002,0.030000000000000002,0.3141592653589793,1514400.0,95.00976453612326
0.030000000000000002,0.030000000000000002,0.47123889803846897,1835400.0,95.00880247031118
0.030000000000000002,0.030000000000000002,0.6283185307179586,2263200.0,95.00436114031622
0.030000000000000002,0.030000000000000002,0.7853981633974483,2746500.0,95.00220664098181
0.030000000000000002,0.030000000000000002,0.9424777960769379,2774100.0,95.00427376516326
0.030000000000000002,0.030000000000000002,1.0995574287564276,2741400.0,95.00195008674557
0.030000000000000002,0.030000000000000002,1.2566370614359172,2720100.0,95.00145059596922
0.030000000000000002,0.030000000000000002,1.413716694115407,2719200.0,95.00258933643364
0.030000000000000002,0.030000000000000002,1.5707963267948966,2656800.0,95.00060086671807
0.030000000000000002,0.034999999999999996,0.0,1072500.0,95.09790921359303
0.030000000000000002,0.034999999999999996,0.15707963267948966,1255200.0,95.01185065878325
0.030000000000000002,0.034999999999999996,0.3141592653589793,1513500.0,95.01097409789644
0.030000000000000002,0.034999999999999996,0.47123889803846897,1834200.0,95.00562624325178
0.030000000000000002,0.034999999999999996,0.6283185307179586,2261700.0,95.0029855130926
0.030000000000000002,0.034999999999999996,0.7853981633974483,2743800.0,95.00133114233577
0.030000000000000002,0.034999999999999996,0.9424777960769379,2772300.0,95.00310691889952
0.030000000000000002,0.034999999999999996,1.0995574287564276,2739900.0,95.0036273729646
0.030000000000000002,0.034999999999999996,1.2566370614359172,2718600.0,95.00247272866191
0.030000000000000002,0.034999999999999996,1.413716694115407,2717700.0,95.0032943262933
0.030000000000000002,0.034999999999999996,1.5707963267948966,2655600.0,95.00376942459752
0.030000000000000002,0.04,0.0,1071900.0,95.02343015269707
0.030000000000000002,0.04,0.15707963267948966,1254600.0,95.01311617832248
0.030000000000000002,0.04,0.3141592653589793,1512600.0,95.00440605015942
0.030000000000000002,0.04,0.47123889803846897,1833300.0,95.00489967173542
0.030000000000000002,0.04,0.6283185307179586,2260500.0,95.0021305714013
0.030000000000000002,0.04,0.7853981633974483,2741700.0,95.00210671565017
0.030000000000000002,0.04,0.9424777960769379,2770800.0,95.00155720135378
0.030000000000000002,0.04,1.0995574287564276,2738400.0,95.00078190946606
0.030000000000000002,0.04,1.2566370614359172,2717400.0,95.00317792586456
0.030000000000000002,0.04,1.413716694115407,2716200.0,95.00010125920221
0.030000000000000002,0.04,1.5707963267948966,2654400.0,95.00249135865185
0.030000000000000002,0.045,0.0,1071600.0,95.03365077061548
0.030000000000000002,0.045,0.15707963267948966,1254000.0,95.00830982086083
0.030000000000000002,0.045,0.3141592653589793,1512000.0,95.00484664822642
0.030000000000000002,0.045,0.47123889803846897,1832700.0,95.00844838993022
0.030000000000000002,0.045,0.6283185307179586,2259600.0,95.00320381930129
0.030000000000000002,0.045,0.7853981633974483,2739900.0,95.00205662585375
0.030000000000000002,0.045,0.9424777960769379,2769600.0,95.00092532370871
0.030000000000000002,0.045,1.0995574287564276,2737500.0,95.00299290488226
0.030000000000000002,0.045,1.2566370614359172,2716200.0,95.00077407763328
0.030000000000000002,0.045,1.413716694115407,2715300.0,95.00139505021637
0.030000000000000002,0.045,1.5707963267948966,2653500.0,95.00272913469907
0.030000000000000002,0.049999999999999996,0.0,1071300.0,95.02366475658148
0.030000000000000002,0.049999999999999996,0.15707963267948966,1253700.0,95.01545393688883
0.030000000000000002,0.049999999999999996,0.3141592653589793,1511400.0,95.00117817668887
0.030000000000000002,0.049999999999999996,0.47123889803846897,1832100.0,95.00860853980572
0.030000000000000002,0.049999999999999996,0.6283185307179586,2258700.0,95.00157008837485
0.030000000000000002,0.049999999999999996,0.7853981633974483,2738400.0,95.00243162606972
0.030000000000000002,0.049999999999999996,0.9424777960769379,2768700.0,95.00204726578633
0.030000000000000002,0.049999999999999996,1.0995574287564276,2736600.0,95.00283094751278
0.030000000000000002,0.049999999999999996,1.2566370614359172,2715300.0,95.0001435660228
0.030000000000000002,0.049999999999999996,1.413716694115407,2714400.0,95.00065432655174
0.030000000000000002,0.049999999999999996,1.5707963267948966,2652600.0,95.00062545508308
0.034999999999999996,0.005,0.0,1079100.0,95.01429044497033
0.034999999999999996,0.005,0.15707963267948966,1266300.0,95.00528579395883
0.034999999999999996,0.005,0.3141592653589793,1530000.0,95.00872950853342
0.034999999999999996,0.005,0.47123889803846897,1852800.0,95.00268609799608
0.034999999999999996,0.005,0.6283185307179586,2273100.0,95.00183785065947
0.034999999999999996,0.005,0.7853981633974483,2772600.0,95.0002108384474
0.034999999999999996,0.005,0.9424777960769379,2787300.0,95.00329745651133
0.034999999999999996,0.005,1.0995574287564276,2747700.0,95.00354000532832
0.034999999999999996,0.005,1.2566370614359172,2730600.0,95.0034434438514
0.034999999999999996,0.005,1.413716694115407,2705100.0,95.00131356331075
0.034999999999999996,0.005,1.5707963267948966,2679900.0,95.00314035360452
0.034999999999999996,0.01,0.0,1073700.0,95.0480495222971
0.034999999999999996,0.01,0.15707963267948966,1258500.0,95.01101153089776
0.034999999999999996,0.01,0.3141592653589793,1520100.0,95.00828333366954
0.034999999999999996,0.01,0.47123889803846897,1841700.0,95.0071253804652
0.034999999999999996,0.01,0.6283185307179586,2258400.0,95.00214555494195
0.034999999999999996,0.01,0.7853981633974483,2753100.0,95.00303640725829
0.034999999999999996,0.01,0.9424777960769379,2770200.0,95.00140333218874
0.034999999999999996,0.01,1.0995574287564276,2730900.0,95.00279532507379
0.034999999999999996,0.01,1.2566370614359172,2713800.0,95.00389998885892
0.034999999999999996,0.01,1.413716694115407,2688300.0,95.0034499438172
0.034999999999999996,0.01,1.5707963267948966,2665500.0,95.0034605230281
0.034999999999999996,0.015,0.0,1071300.0,95.07401858713918
0.034999999999999996,0.015,0.15707963267948966,1254900.0,95.01042693360078
0.034999999999999996,0.015,0.3141592653589793,1515300.0,95.0008540003469
0.034999999999999996,0.015,0.47123889803846897,1836300.0,95.00199864613951
0.034999999999999996,0.015,0.6283185307179586,2251500.0,95.0010096447097
0.034999999999999996,0.015,0.7853981633974483,2742600.0,95.0032284707991
0.034999999999999996,0.015,0.9424777960769379,2762100.0,95.00016864744083
0.034999999999999996,0.015,1.0995574287564276,2723100.0,95.0039884658202
0.034999999999999996,0.015,1.2566370614359172,2705700.0,95.00103896208468
0.034999999999999996,0.015,1.413716694115407,2681100.0,95.00338852397826
0.034999999999999996,0.015,1.5707963267948966,2658600.0,95.00337328616305
0.034999999999999996,0.02,0.0,1069800.0,95.06885476143982
0.034999999999999996,0.02,0.15707963267948966,1252800.0,95.01485511985874
0.034999999999999996,0.02,0.3141592653589793,1512600.0,95.00355233740002
0.034999999999999996,0.02,0.47123889803846897,1833300.0,95.00690891348616
0.034999999999999996,0.02,0.6283185307179586,2247300.0,95.00031045337668
0.034999999999999996,0.02,0.7853981633974483,2735700.0,95.00263233466666
0.034999999999999996,0.02,0.9424777960769379,2757300.0,95.00165929280678
0.034999999999999996,0.02,1.0995574287564276,2718300.0,95.00346867459568
0.034999999999999996,0.02,1.2566370614359172,2700900.0,95.00025259757996
0.034999999999999996,0.02,1.413716694115407,2676600.0,95.00090758967214
0.034999999999999996,0.02,1.5707963267948966,2654400.0,95.00339377719826
0.034999999999999996,0.025,0.0,1068600.0,95.00877344322194
0.034999999999999996,0.025,0.15707963267948966,1251300.0,95.01454773274777
0.034999999999999996,0.025,0.3141592653589793,1510800.0,95.00694705193786
0.034999999999999996,0.025,0.47123889803846897,1831200.0,95.0087040824803
0.034999999999999996,0.025,0.6283185307179586,2244600.0,95.00295359172478
0.034999999999999996,0.025,0.7853981633974483,2730600.0,95.000179423584
0.034999999999999996,0.025,0.9424777960769379,2754000.0,95.00311709359876
0.034999999999999996,0.025,1.0995574287564276,2715000.0,95.00274755413972
0.034999999999999996,0.025,1.2566370614359172,2697900.0,95.00302875046629
0.034999999999999996,0.025,1.413716694115407,2673600.0,95.00016449064059
0.034999999999999996,0.025,1.5707963267948966,2651400.0,95.00146589083802
0.034999999999999996,0.030000000000000002,0.0,1068000.0,95.05265040450995
0.034999999999999996,0.030000000000000002,0.15707963267948966,1250100.0,95.0090784656494
0.034999999999999996,0.030000000000000002,0.3141592653589793,1509300.0,95.00306701383415
0.034999999999999996,0.030000000000000002,0.47123889803846897,1829400.0,95.00225321987648
0.034999999999999996,0.030000000000000002,0.6283185307179586,2242500.0,95.0035334422738
0.034999999999999996,0.030000000000000002,0.7853981633974483,2727300.0,95.00259276006992
0.034999999999999996,0.030000000000000002,0.9424777960769379,2751300.0,95.00110066600283
0.034999999999999996,0.030000000000000002,1.0995574287564276,2712600.0,95.00251570135595
0.034999999999999996,0.030000000000000002,1.2566370614359172,2695500.0,95.00236907687622
0.034999999999999996,0.030000000000000002,1.413716694115407,2671500.0,95.00104891484101
0.034999999999999996,0.030000000000000002,1.5707963267948966,2649300.0,95.001703582785
0.034999999999999996,0.034999999999999996,0.0,1067400.0,95.04286412217179
0.034999999999999996,0.034999999999999996,0.15707963267948966,1249200.0,95.0065453273303
0.034999999999999996,0.034999999999999996,0.3141592653589793,1508400.0,95.00930801527228
0.034999999999999996,0.034999999999999996,0.47123889803846897,1828200.0,95.00315000668604
0.034999999999999996,0.034999999999999996,0.6283185307179586,2240700.0,95.001561889592
0.034999999999999996,0.034999999999999996,0.7853981633974483,2724600.0,95.00290486674771
0.034999999999999996,0.034999999999999996,0.9424777960769379,2749500.0,95.00364800248263
0.034999999999999996,0.034999999999999996,1.0995574287564276,2710800.0,95.00302363448623
0.034999999999999996,0.034999999999999996,1.2566370614359172,2693700.0,95.00239201579424
0.034999999999999996,0.034999999999999996,1.413716694115407,2670000.0,95.00341976958202
0.034999999999999996,0.034999999999999996,1.5707963267948966,2647800.0,95.0037418643401
0.034999999999999996,0.04,0.0,1067100.0,95.09057210389965
0.034999999999999996,0.04,0.15707963267948966,1248600.0,95.01138914554379
0.034999999999999996,0.04,0.3141592653589793,1507500.0,95.00783295564939
0.034999999999999996,0.04,0.47123889803846897,1827300.0,95.00575339953969
0.034999999999999996,0.04,0.6283185307179586,2239500.0,95.00390274187752
0.034999999999999996,0.04,0.7853981633974483,2722500.0,95.00509691685761
0.034999999999999996,0.04,0.9424777960769379,2747700.0,95.0012393515743
0.034999999999999996,0.04,1.0995574287564276,2709300.0,95.00259920221659
0.034999999999999996,0.04,1.2566370614359172,2692200.0,95.0015347009266
0.034999999999999996,0.04,1.413716694115407,2668500.0,95.0007597927357
0.034999999999999996,0.04,1.5707963267948966,2646300.0,95.00061127369771
0.034999999999999996,0.045,0.0,1066500.0,95.0189158369256
0.034999999999999996,0.045,0.15707963267948966,1248000.0,95.00939091008618
0.034999999999999996,0.045,0.3141592653589793,1506600.0,95.00088504328679
0.034999999999999996,0.045,0.47123889803846897,1826400.0,95.00306806484663
0.034999999999999996,0.045,0.6283185307179586,2238300.0,95.00273223589775
0.034999999999999996,0.045,0.7853981633974483,2720400.0,95.00104829327907
0.034999999999999996,0.045,0.9424777960769379,2746500.0,95.00310436118708
0.034999999999999996,0.045,1.0995574287564276,2708100.0,95.00267747950373
0.034999999999999996,0.045,1.2566370614359172,2691000.0,95.00116030196932
0.034999999999999996,0.045,1.413716694115407,2667600.0,95.00343269440694
0.034999999999999996,0.045,1.5707963267948966,2645400.0,95.00318413751381
0.034999999999999996,0.049999999999999996,0.0,1066200.0,95.02166618906267
0.034999999999999996,0.049999999999999996,0.15707963267948966,1247400.0,95.00232750816168
0.034999999999999996,0.049999999999999996,0.3141592653589793,1506000.0,95.0005814103442
0.034999999999999996,0.049999999999999996,0.47123889803846897,1825800.0,95.00557385827499
0.034999999999999996,0.049999999999999996,0.6283185307179586,2237400.0,95.00352371615757
0.034999999999999996,0.049999999999999996,0.7853981633974483,2718900.0,95.0025903662686
0.034999999999999996,0.049999999999999996,0.9424777960769379,2745300.0,95.00229493329587
0.034999999999999996,0.049999999999999996,1.0995574287564276,2706900.0,95.00013681536358
0.034999999999999996,0.049999999999999996,1.2566370614359172,2690100.0,95.00213713494952
0.034999999999999996,0.049999999999999996,1.413716694115407,2666700.0,95.00346048389846
0.034999999999999996,0.049999999999999996,1.5707963267948966,2644500.0,95.00302307772695
0.04,0.005,0.0,1075800.0,95.02478396463954
0.04,0.005,0.15707963267948966,1261800.0,95.013647110106
0.04,0.005,0.3141592653589793,1524600.0,95.00545986154147
0.04,0.005,0.47123889803846897,1847400.0,95.00105077014469
0.04,0.005,0.6283185307179586,2256000.0,95.0011268818227
0.04,0.005,0.7853981633974483,2748600.0,95.00056980550356
0.04,0.005,0.9424777960769379,2766900.0,95.00014022773415
0.04,0.005,1.0995574287564276,2731800.0,95.00375775923987
0.04,0.005,1.2566370614359172,2703900.0,95.00082612925567
0.04,0.005,1.413716694115407,2676000.0,95.00402263982937
0.04,0.005,1.5707963267948966,2679300.0,95.0046107742359
0.04,0.01,0.0,1069800.0,95.07763928422594
0.04,0.01,0.15707963267948966,1253100.0,95.00738725877511
0.04,0.01,0.3141592653589793,1514100.0,95.01019711517871
0.04,0.01,0.47123889803846897,1835100.0,95.00205087130891
0.04,0.01,0.6283185307179586,2241300.0,95.00405799116012
0.04,0.01,0.7853981633974483,2728800.0,95.00432300371267
0.04,0.01,0.9424777960769379,2748600.0,95.001631585073
0.04,0.01,1.0995574287564276,2713200.0,95.00190590463747
0.04,0.01,1.2566370614359172,2684400.0,95.00184146110469
0.04,0.01,1.413716694115407,2659200.0,95.00247491042828
0.04,0.01,1.5707963267948966,2663400.0,95.00171316290802
0.04,0.015,0.0,1066800.0,95.02227286318619
0.04,0.015,0.15707963267948966,1249200.0,95.01164930226594
0.04,0.015,0.3141592653589793,1509000.0,95.00614059470121
0.04,0.015,0.47123889803846897,1829400.0,95.00419180998983
0.04,0.015,0.6283185307179586,2234100.0,95.00116078704201
0.04,0.015,0.7853981633974483,2718300.0,95.00222705290325
0.04,0.015,0.9424777960769379,2739900.0,95.00251862959901
0.04,0.015,1.0995574287564276,2704500.0,95.00230306772579
0.04,0.015,1.2566370614359172,2675100.0,95.00031878683009
0.04,0.015,1.413716694115407,2651100.0,95.00020775260177
0.04,0.015,1.5707963267948966,2655900.0,95.00325522227182
0.04,0.02,0.0,1065300.0,95.07015081175307
0.04,0.02,0.15707963267948966,1246800.0,95.01265076133255
0.04,0.02,0.3141592653589793,1506000.0,95.00721945691572
0.04,0.02,0.47123889803846897,1825800.0,95.00107127446465
0.04,0.02,0.6283185307179586,2229900.0,95.00443686064948
0.04,0.02,0.7853981633974483,2711400.0,95.00086275937262
0.04,0.02,0.9424777960769379,2734500.0,95.00258093148163
0.04,0.02,1.0995574287564276,2699100.0,95.00068446172504
0.04,0.02,1.2566370614359172,2669700.0,95.0014433710593
0.04,0.02,1.413716694115407,2646300.0,95.00071981461562
0.04,0.02,1.5707963267948966,2651100.0,95.00062914584473
0.04,0.025,0.0,1064100.0,95.05389185519203
0.04,0.025,0.15707963267948966,1245000.0,95.00529058682775
0.04,0.025,0.3141592653589793,1503900.0,95.00622406769268
0.04,0.025,0.47123889803846897,1823400.0,95.00076165934537
0.04,0.025,0.6283185307179586,2226900.0,95.00546460224817
0.04,0.025,0.7853981633974483,2706600.0,95.00310719323295
0.04,0.025,0.9424777960769379,2730600.0,95.00076232291063
0.04,0.025,1.0995574287564276,2695500.0,95.00077095135148
0.04,0.025,1.2566370614359172,2666100.0,95.00287426683457
0.04,0.025,1.413716694115407,2643000.0,95.00082012456113
0.04,0.025,1.5707963267948966,2648100.0,95.0037292722835
0.04,0.030000000000000002,0.0,1063200.0,95.03651637298572
0.04,0.030000000000000002,0.15707963267948966,1243800.0,95.00682166472832
0.04,0.030000000000000002,0.3141592653589793,1502400.0,95.00720963431478
0.04,0.030000000000000002,0.47123889803846897,1821900.0,95.00819211419018
0.04,0.030000000000000002,0.6283185307179586,2224500.0,95.00336580078218
0.04,0.030000000000000002,0.7853981633974483,2702700.0,95.0012029648294
0.04,0.030000000000000002,0.9424777960769379,2727900.0,95.002376315378
0.04,0.030000000000000002,1.0995574287564276,2692800.0,95.00009278406158
0.04,0.030000000000000002,1.2566370614359172,2663400.0,95.00313647620851
0.04,0.030000000000000002,1.413716694115407,2640600.0,95.00123643717538
0.04,0.030000000000000002,1.5707963267948966,2645700.0,95.00280085967312
0.04,0.034999999999999996,0.0,1062600.0,95.04788896634503
0.04,0.034999999999999996,0.15707963267948966,1242900.0,95.00960820510332
0.04,0.034999999999999996,0.3141592653589793,1501200.0,95.00644655201637
0.04,0.034999999999999996,0.47123889803846897,1820400.0,95.00426214846885
0.04,0.034999999999999996,0.6283185307179586,2222700.0,95.0034223939398
0.04,0.034999999999999996,0.7853981633974483,2699700.0,95.00148679722255
0.04,0.034999999999999996,0.9424777960769379,2725800.0,95.00389243994299
0.04,0.034999999999999996,1.0995574287564276,2691000.0,95.00339914720462
0.04,0.034999999999999996,1.2566370614359172,2661300.0,95.00302348733122
0.04,0.034999999999999996,1.413716694115407,2638800.0,95.00227425238515
0.04,0.034999999999999996,1.5707963267948966,2643900.0,95.00293112114194
0.04,0.04,0.0,1062000.0,95.02432490567816
0.04,0.04,0.15707963267948966,1242000.0,95.00240562639588
0.04,0.04,0.3141592653589793,1500300.0,95.008085544011
0.04,0.04,0.47123889803846897,1819200.0,95.0012197324165
0.04,0.04,0.6283185307179586,2221200.0,95.00277370104226
0.04,0.04,0.7853981633974483,2697300.0,95.00270972223404
0.04,0.04,0.9424777960769379,2724000.0,95.0038300314166
0.04,0.04,1.0995574287564276,2689200.0,95.00119426194425
0.04,0.04,1.2566370614359172,2659500.0,95.00154185648843
0.04,0.04,1.413716694115407,2637300.0,95.00214662790664
0.04,0.04,1.5707963267948966,2642400.0,95.0019880937496
0.04,0.045,0.0,1061700.0,95.05574122102492
0.04,0.045,0.15707963267948966,1241400.0,95.00396303051366
0.04,0.045,0.3141592653589793,1499400.0,95.00347378417254
0.04,0.045,0.47123889803846897,1818300.0,95.00124307593373
0.04,0.045,0.6283185307179586,2220000.0,95.00320796436796
0.04,0.045,0.7853981633974483,2695200.0,95.00229104402477
0.04,0.045,0.9424777960769379,2722500.0,95.00374953772032
0.04,0.045,1.0995574287564276,2688000.0,95.00313413217192
0.04,0.045,1.2566370614359172,2658000.0,95.00001981043701
0.04,0.045,1.413716694115407,2636100.0,95.00245594987285
0.04,0.045,1.5707963267948966,2641200.0,95.0016902448985
0.04,0.049999999999999996,0.0,1061400.0,95.0686297429672
0.04,0.049999999999999996,0.15707963267948966,1240800.0,95.00020998330976
0.04,0.049999999999999996,0.3141592653589793,1498800.0,95.00536722034839
0.04,0.049999999999999996,0.47123889803846897,1817700.0,95.00572144894453
0.04,0.049999999999999996,0.6283185307179586,2218800.0,95.00011866926855
0.04,0.049999999999999996,0.7853981633974483,2693400.0,95.00178599973779
0.04,0.049999999999999996,0.9424777960769379,2721000.0,95.00063429205451
0.04,0.049999999999999996,1.0995574287564276,2686800.0,95.0021725360083
0.04,0.049999999999999996,1.2566370614359172,2657100.0,95.00248618284968
0.04,0.049999999999999996,1.413716694115407,2635200.0,95.00422769736954
0.04,0.049999999999999996,1.5707963267948966,2640300.0,95.00313993515428
0.045,0.005,0.0,1073100.0,95.07974535721067
0.045,0.005,0.15707963267948966,1257300.0,95.00286847034245
0.045,0.005,0.3141592653589793,1521900.0,95.00695077358976
0.045,0.005,0.47123889803846897,1843800.0,95.00043950990319
0.045,0.005,0.6283185307179586,2253000.0,95.00286858167436
0.045,0.005,0.7853981633974483,2733300.0,95.00192356355683
0.045,0.005,0.9424777960769379,2746500.0,95.0010776060061
0.045,0.005,1.0995574287564276,2713500.0,95.00367115889277
0.045,0.005,1.2566370614359172,2678700.0,95.00375900836539
0.045,0.005,1.413716694115407,2664300.0,95.00148673288416
0.045,0.005,1.5707963267948966,2670300.0,95.00018262520999
0.045,0.01,0.0,1066200.0,95.03758330891668
0.045,0.01,0.15707963267948966,1248000.0,95.0107949515424
0.045,0.01,0.3141592653589793,1510200.0,95.00940220679817
0.045,0.01,0.47123889803846897,1830300.0,95.00686332263248
0.045,0.01,0.6283185307179586,2237400.0,95.00424704575423
0.045,0.01,0.7853981633974483,2711700.0,95.00403630897681
0.045,0.01,0.9424777960769379,2727300.0,95.00346395503625
0.045,0.01,1.0995574287564276,2694300.0,95.00034802405347
0.045,0.01,1.2566370614359172,2660700.0,95.00292878102123
0.045,0.01,1.413716694115407,2647200.0,95.0024152898784
0.045,0.01,1.5707963267948966,2652600.0,95.00403941637802
0.045,0.015,0.0,1063200.0,95.05146109678503
0.045,0.015,0.15707963267948966,1243500.0,95.00597952291824
0.045,0.015,0.3141592653589793,1504500.0,95.00361905831056
0.045,0.015,0.47123889803846897,1823700.0,95.00261264871857
0.045,0.015,0.6283185307179586,2229600.0,95.00037953826674
0.045,0.015,0.7853981633974483,2699700.0,95.00129060061064
0.045,0.015,0.9424777960769379,2717700.0,95.00068750859619
0.045,0.015,1.0995574287564276,2685600.0,95.00183937922067
0.045,0.015,1.2566370614359172,2652000.0,95.0024618307692
0.045,0.015,1.413716694115407,2638800.0,95.0016333816026
0.045,0.015,1.5707963267948966,2643900.0,95.002831778616
0.045,0.02,0.0,1061400.0,95.05977422100457
0.045,0.02,0.15707963267948966,1240800.0,95.00505039911066
0.045,0.02,0.3141592653589793,1501200.0,95.00091839936039
0.045,0.02,0.47123889803846897,1819800.0,95.00088646451027
0.045,0.02,0.6283185307179586,2225100.0,95.00454404870337
0.045,0.02,0.7853981633974483,2691900.0,95.00209582868709
0.045,0.02,0.9424777960769379,2712000.0,95.00283326984596
0.045,0.02,1.0995574287564276,2680200.0,95.00144811264626
0.045,0.02,1.2566370614359172,2646600.0,95.00092036732039
0.045,0.02,1.413716694115407,2633700.0,95.00212896952537
0.045,0.02,1.5707963267948966,2638500.0,95.00073078064382
0.045,0.025,0.0,1060200.0,95.072081690699
0.045,0.025,0.15707963267948966,1239000.0,95.00719758772338
0.045,0.025,0.3141592653589793,1499100.0,95.00500971462613
0.045,0.025,0.47123889803846897,1817400.0,95.0074881019113
0.045,0.025,0.6283185307179586,2221800.0,95.00488580430032
0.045,0.025,0.7853981633974483,2686200.0,95.00200679438856
0.045,0.025,0.9424777960769379,2708100.0,95.00427868172491
0.045,0.025,1.0995574287564276,2676600.0,95.00308199537069
0.045,0.025,1.2566370614359172,2643000.0,95.00153176456173
0.045,0.025,1.413716694115407,2630100.0,95.00097447247128
0.045,0.025,1.5707963267948966,2634900.0,95.00074266534308
0.045,0.030000000000000002,0.0,1059300.0,95.07488528691692
0.045,0.030000000000000002,0.15707963267948966,1237500.0,95.00051140524178
0.045,0.030000000000000002,0.3141592653589793,1497600.0,95.00977473413106
0.045,0.030000000000000002,0.47123889803846897,1815300.0,95.00276365118488
0.045,0.030000000000000002,0.6283185307179586,2219100.0,95.00125641460806
0.045,0.030000000000000002,0.7853981633974483,2682000.0,95.00482759176204
0.045,0.030000000000000002,0.9424777960769379,2705100.0,95.00316842455338
0.045,0.030000000000000002,1.0995574287564276,2673900.0,95.0036110052156
0.045,0.030000000000000002,1.2566370614359172,2640300.0,95.00120292810402
0.045,0.030000000000000002,1.413716694115407,2627700.0,95.00423173735908
0.045,0.030000000000000002,1.5707963267948966,2632500.0,95.00430186322917
0.045,0.034999999999999996,0.0,1058400.0,95.02301062290623
0.045,0.034999999999999996,0.15707963267948966,1236600.0,95.00812064575337
0.045,0.034999999999999996,0.3141592653589793,1496100.0,95.00073383784347
0.045,0.034999999999999996,0.47123889803846897,1813800.0,95.0028092301321
0.045,0.034999999999999996,0.6283185307179586,2217300.0,95.00434903004063
0.045,0.034999999999999996,0.7853981633974483,2678400.0,95.00287148024522
0.045,0.034999999999999996,0.9424777960769379,2702700.0,95.00177696556801
0.045,0.034999999999999996,1.0995574287564276,2671800.0,95.00390929411253
0.045,0.034999999999999996,1.2566370614359172,2638200.0,95.00071258132748
0.045,0.034999999999999996,1.413716694115407,2625600.0,95.00274514079585
0.045,0.034999999999999996,1.5707963267948966,2630400.0,95.00339420926723
0.045,0.04,0.0,1057800.0,95.01236421209522
0.045,0.04,0.15707963267948966,1235700.0,95.00558995681267
0.045,0.04,0.3141592653589793,1495200.0,95.0047699873815
0.045,0.04,0.47123889803846897,1812600.0,95.00296936766912
0.045,0.04,0.6283185307179586,2215500.0,95.00086242027193
0.045,0.04,0.7853981633974483,2675400.0,95.0004732360822
0.045,0.04,0.9424777960769379,2700900.0,95.00315120121847
0.045,0.04,1.0995574287564276,2670000.0,95.00227110416229
0.045,0.04,1.2566370614359172,2636700.0,95.0030897183099
0.045,0.04,1.413716694115407,2624100.0,95.00443050672024
0.045,0.04,1.5707963267948966,2628600.0,95.00086177816584
0.045,0.045,0.0,1057500.0,95.05304110756651
0.045,0.045,0.15707963267948966,1235100.0,95.01033146108503
0.045,0.045,0.3141592653589793,1494300.0,95.00212697026775
0.045,0.045,0.47123889803846897,1811700.0,95.00567817765132
0.045,0.045,0.6283185307179586,2214300.0,95.00340564601836
0.045,0.045,0.7853981633974483,2673000.0,95.0003410032218
0.045,0.045,0.9424777960769379,2699400.0,95.00435298837067
0.045,0.045,1.0995574287564276,2668500.0,95.00065904465873
0.045,0.045,1.2566370614359172,2635200.0,95.00086723567969
0.045,0.045,1.413716694115407,2622600.0,95.00145952612893
0.045,0.045,1.5707963267948966,2627400.0,95.00273285674265
0.045,0.049999999999999996,0.0,1057200.0,95.07397834075189
0.045,0.049999999999999996,0.15707963267948966,1234500.0,95.00968566990815
0.045,0.049999999999999996,0.3141592653589793,1493700.0,95.00569827514167
0.045,0.049999999999999996,0.47123889803846897,1810800.0,95.00385629208336
0.045,0.049999999999999996,0.6283185307179586,2213100.0,95.00235681553852
0.045,0.049999999999999996,0.7853981633974483,2671200.0,95.00426611858165
0.045,0.049999999999999996,0.9424777960769379,2697900.0,95.0018225713349
0.045,0.049999999999999996,1.0995574287564276,2667300.0,95.00032678527141
0.045,0.049999999999999996,1.2566370614359172,2634300.0,95.00452200142662
0.045,0.049999999999999996,1.413716694115407,2621700.0,95.00469056909546
0.045,0.049999999999999996,1.5707963267948966,2626200.0,95.00145332013847
0.049999999999999996,0.005,0.0,1072800.0,95.09921902031067
0.049999999999999996,0.005,0.15707963267948966,1254000.0,95.01212607454924
0.049999999999999996,0.005,0.3141592653589793,1517100.0,95.00007628723486
0.049999999999999996,0.005,0.47123889803846897,1839000.0,95.00355344210281
0.049999999999999996,0.005,0.6283185307179586,2247300.0,95.0005860291397
0.049999999999999996,0.005,0.7853981633974483,2721300.0,95.00393363216834
0.049999999999999996,0.005,0.9424777960769379,2737500.0,95.0018126539983
0.049999999999999996,0.005,1.0995574287564276,2702100.0,95.00386294573244
0.049999999999999996,0.005,1.2566370614359172,2668500.0,95.0045135098462
0.049999999999999996,0.005,1.413716694115407,2655600.0,95.0019910066993
0.049999999999999996,0.005,1.5707963267948966,2657700.0,95.00502561863559
0.049999999999999996,0.01,0.0,1066200.0,95.07715824110949
0.049999999999999996,0.01,0.15707963267948966,1244100.0,95.00627184322968
0.049999999999999996,0.01,0.3141592653589793,1504800.0,95.008118053798
0.049999999999999996,0.01,0.47123889803846897,1824300.0,95.00787617617551
0.049999999999999996,0.01,0.6283185307179586,2230800.0,95.00310726142334
0.049999999999999996,0.01,0.7853981633974483,2697900.0,95.00346660973238
0.049999999999999996,0.01,0.9424777960769379,2718900.0,95.00353727600205
0.049999999999999996,0.01,1.0995574287564276,2681700.0,95.00393850764407
0.049999999999999996,0.01,1.2566370614359172,2649900.0,95.00114742666398
0.049999999999999996,0.01,1.413716694115407,2637900.0,95.00482139680629
0.049999999999999996,0.01,1.5707963267948966,2639100.0,95.00472936214524
0.049999999999999996,0.015,0.0,1063200.0,95.07716701498391
0.049999999999999996,0.015,0.15707963267948966,1239600.0,95.00855205780144
0.049999999999999996,0.015,0.3141592653589793,1498800.0,95.00136968198065
0.049999999999999996,0.015,0.47123889803846897,1817100.0,95.00267602299618
0.049999999999999996,0.015,0.6283185307179586,2222700.0,95.0025714265299
0.049999999999999996,0.015,0.7853981633974483,2685300.0,95.00363626775675
0.049999999999999996,0.015,0.9424777960769379,2709900.0,95.0052005147495
0.049999999999999996,0.015,1.0995574287564276,2671800.0,95.00231008686093
0.049999999999999996,0.015,1.2566370614359172,2640900.0,95.00207876026667
0.049999999999999996,0.015,1.413716694115407,2628900.0,95.00163087044392
0.049999999999999996,0.015,1.5707963267948966,2629800.0,95.00002853252035
0.049999999999999996,0.02,0.0,1061400.0,95.0797970808369
0.049999999999999996,0.02,0.15707963267948966,1236900.0,95.0125896773811
0.049999999999999996,0.02,0.3141592653589793,1495500.0,95.00840334766959
0.049999999999999996,0.02,0.47123889803846897,1812900.0,95.003847613841
0.049999999999999996,0.02,0.6283185307179586,2217600.0,95.0014935990911
0.049999999999999996,0.02,0.7853981633974483,2676900.0,95.00122116007282
0.049999999999999996,0.02,0.9424777960769379,2704200.0,95.00496185292839
0.049999999999999996,0.02,1.0995574287564276,2665800.0,95.00002435843757
0.049999999999999996,0.02,1.2566370614359172,2635200.0,95.00008230694421
0.049999999999999996,0.02,1.413716694115407,2623500.0,95.00229879495052
0.049999999999999996,0.02,1.5707963267948966,2624400.0,95.00199517031092
0.049999999999999996,0.025,0.0,1060200.0,95.09161363093716
0.049999999999999996,0.025,0.15707963267948966,1234800.0,95.00271505607176
0.049999999999999996,0.025,0.3141592653589793,1493100.0,95.00834331647074
0.049999999999999996,0.025,0.47123889803846897,1809900.0,95.00143709489333
0.049999999999999996,0.025,0.6283185307179586,2214000.0,95.00054209995463
0.049999999999999996,0.025,0.7853981633974483,2670900.0,95.00163864462243
0.049999999999999996,0.025,0.9424777960769379,2700000.0,95.00202457243721
0.049999999999999996,0.025,1.0995574287564276,2661900.0,95.00206012005843
0.049999999999999996,0.025,1.2566370614359172,2631600.0,95.00414638620313
0.049999999999999996,0.025,1.413716694115407,2619900.0,95.00483026614226
0.049999999999999996,0.025,1.5707963267948966,2620500.0,95.00030351841338
0.049999999999999996,0.030000000000000002,0.0,1059300.0,95.09396685986506
0.049999999999999996,0.030000000000000002,0.15707963267948966,1233600.0,95.01414691510058
0.049999999999999996,0.030000000000000002,0.3141592653589793,1491300.0,95.00720655243913
0.049999999999999996,0.030000000000000002,0.47123889803846897,1807800.0,95.00256161255992
0.049999999999999996,0.030000000000000002,0.6283185307179586,2211300.0,95.00012961795485
0.049999999999999996,0.030000000000000002,0.7853981633974483,2666400.0,95.00401013621652
0.049999999999999996,0.030000000000000002,0.9424777960769379,2697000.0,95.00328573089152
0.049999999999999996,0.030000000000000002,1.0995574287564276,2658900.0,95.00177001993474
0.049999999999999996,0.030000000000000002,1.2566370614359172,2628600.0,95.00149701033087
0.049999999999999996,0.030000000000000002,1.413716694115407,2616900.0,95.00099384473315
0.049999999999999996,0.030000000000000002,1.5707963267948966,2617800.0,95.00178571103312
0.049999999999999996,0.034999999999999996,0.0,1058400.0,95.02686371541397
0.049999999999999996,0.034999999999999996,0.15707963267948966,1232400.0,95.00888110856613
0.049999999999999996,0.034999999999999996,0.3141592653589793,1489800.0,95.00258267494401
0.049999999999999996,0.034999999999999996,0.47123889803846897,1806300.0,95.0066910530049
0.049999999999999996,0.034999999999999996,0.6283185307179586,2209200.0,95.00040259252684
0.049999999999999996,0.034999999999999996,0.7853981633974483,2662500.0,95.0006019800246
0.049999999999999996,0.034999999999999996,0.9424777960769379,2694600.0,95.00392170737238
0.049999999999999996,0.034999999999999996,1.0995574287564276,2656500.0,95.00044090111672
0.049999999999999996,0.034999999999999996,1.2566370614359172,2626500.0,95.00308255902273
0.049999999999999996,0.034999999999999996,1.413716694115407,2614800.0,95.00168208212379
0.049999999999999996,0.034999999999999996,1.5707963267948966,2615700.0,95.00265890434181
0.049999999999999996,0.04,0.0,1057800.0,95.01286825977277
0.049999999999999996,0.04,0.15707963267948966,1231500.0,95.00802469169662
0.049999999999999996,0.04,0.3141592653589793,1488900.0,95.00939340987003
0.049999999999999996,0.04,0.47123889803846897,1804800.0,95.00237741589342
0.049999999999999996,0.04,0.6283185307179586,2207700.0,95.00394306802028
0.049999999999999996,0.04,0.7853981633974483,2659500.0,95.00133442255697
0.049999999999999996,0.04,0.9424777960769379,2692500.0,95.00197454400603
0.049999999999999996,0.04,1.0995574287564276,2654700.0,95.00133741164758
0.049999999999999996,0.04,1.2566370614359172,2624700.0,95.00240279791441
0.049999999999999996,0.04,1.413716694115407,2613000.0,95.00023684094307
0.049999999999999996,0.04,1.5707963267948966,2613900.0,95.00140722481005
0.049999999999999996,0.045,0.0,1057500.0,95.06470968772543
0.049999999999999996,0.045,0.15707963267948966,1230900.0,95.01471855099193
0.049999999999999996,0.045,0.3141592653589793,1488000.0,95.00942333627226
0.049999999999999996,0.045,0.47123889803846897,1803900.0,95.00747089451973
0.049999999999999996,0.045,0.6283185307179586,2206200.0,95.00167133406381
0.049999999999999996,0.045,0.7853981633974483,2657100.0,95.003955259564
0.049999999999999996,0.045,0.9424777960769379,2691000.0,95.00508235471784
0.049999999999999996,0.045,1.0995574287564276,2653200.0,95.00183883270483
0.049999999999999996,0.045,1.2566370614359172,2623200.0,95.00150327350921
0.049999999999999996,0.045,1.413716694115407,2611800.0,95.00362018814178
0.049999999999999996,0.045,1.5707963267948966,2612700.0,95.00471006681475
0.049999999999999996,0.049999999999999996,0.0,1057200.0,95.0913637015775
0.049999999999999996,0.049999999999999996,0.15707963267948966,1230300.0,95.01536330038286
0.049999999999999996,0.049999999999999996,0.3141592653589793,1487100.0,95.00444817669192
0.049999999999999996,0.049999999999999996,0.47123889803846897,1802700.0,95.00041144398098
0.049999999999999996,0.049999999999999996,0.6283185307179586,2205000.0,95.00138503425396
0.049999999999999996,0.049999999999999996,0.7853981633974483,2654700.0,95.00011553357102
0.049999999999999996,0.049999999999999996,0.9424777960769379,2689500.0,95.00373212677333
0.049999999999999996,0.049999999999999996,1.0995574287564276,2652000.0,95.00321690668797
0.049999999999999996,0.049999999999999996,1.2566370614359172,2622000.0,95.00169474268009
0.049999999999999996,0.049999999999999996,1.413716694115407,2610600.0,95.00323212629823
0.049999999999999996,0.049999999999999996,1.5707963267948966,2611500.0,95.00437777084677
